,,standard,robust,quantile
naive,11.294117647058824,11.294117647058824,11.294117647058824,11.294117647058824
seasonal_naive,10.401891252955082,10.401891252955082,10.401891252955082,10.401891252955082
theta,5.788748107979108,5.78879579332936,5.788793916804505,11.445778418524089
ets,11.74073547331156,7.478807997508022,7.47912238143741,13.502445121567487
catboost,24.595203139037043,24.59520338211936,24.59520330883136,17.312072892938495
nbeats,25.887599672863594,22.536532463093067,26.558312501660815,23.99507766407905
