,,standard,robust,quantile
naive,8.922356213391021,8.922356213391021,8.922356213391021,8.922356213391021
seasonal_naive,10.577445078730607,10.577445078730607,10.577445078730607,10.577445078730607
theta,6.73719121824816,6.737192894402118,6.7371925365525795,7.228847819698524
ets,7.02074842150277,6.759283835844667,6.766841338645367,7.5651226778301135
catboost,8.094059823959318,7.874488200330007,7.3510920880283654,10.011408348384629
nbeats,7.659169766051016,7.9346356283186426,7.4352730483465415,10.078989909576828
