,,standard,robust,quantile
naive,8.922356213391021,8.922356213391021,8.922356213391021,8.922356213391021
seasonal_naive,10.577445078730607,10.577445078730607,10.577445078730607,10.577445078730607
theta,6.73719121824816,6.737192894402118,6.7371925365525795,7.228847819698524
ets,7.02074842150277,6.759283835844667,6.766841338645367,7.5651226778301135
catboost,8.095492048176622,7.885448691328816,7.350873304706095,10.000275091423937
nbeats,7.270208381772561,7.684220819471193,7.153933883733873,9.69042384731768
