,,standard,robust,quantile
naive,28.37034911801138,28.37034911801138,28.37034911801138,28.370349118011372
seasonal_naive,15.465422639568748,15.465422639568748,15.465422639568748,15.465422639568748
theta,15.428984205653784,15.42902141989281,15.42902153909837,15.032484847517466
ets,13.53458194184827,10.374428280736671,10.374411511893996,12.07175447787871
catboost,15.22784988446266,15.244703872550701,15.21026956709457,15.596814784046062
nbeats,19.361816219776284,15.465886947991494,16.522734238679043,16.430916288834847
