,,standard,robust,quantile
naive,11.294117647058824,11.294117647058824,11.294117647058824,11.294117647058824
seasonal_naive,10.401891252955082,10.401891252955082,10.401891252955082,10.401891252955082
theta,5.78879241901309,5.788795705378531,5.788794078553262,11.445776856550445
ets,10.380189460162475,8.137943559089617,8.027112806560034,13.053613053613052
catboost,18.553290344806715,18.553215465704326,18.553212110370545,18.15281060033692
nbeats,1.81090940786627,30.37743139076839,1.676038873908349,27.712137486573578
